Handle,Title,Body (HTML),Vendor,Type,Tags,Published,Option1 Name,Option1 Value,Option2 Name,Option2 Value,Option3 Name,Option3 Value,Variant SKU,Variant Grams,Variant Inventory Tracker,Variant Inventory Qty,Variant Inventory Policy,Variant Fulfillment Service,Variant Price,Variant Compare At Price,Variant Requires Shipping,Variant Taxable,Variant Barcode,Image Src,Image Alt Text,Gift Card,SEO Title,SEO Description,Google Shopping / Google Product Category,Google Shopping / Gender,Google Shopping / Age Group,Google Shopping / MPN,Google Shopping / AdWords Grouping,Google Shopping / AdWords Labels,Google Shopping / Condition,Google Shopping / Custom Product,Google Shopping / Custom Label 0,Google Shopping / Custom Label 1,Google Shopping / Custom Label 2,Google Shopping / Custom Label 3,Google Shopping / Custom Label 4,Variant Image,Variant Weight Unit,Variant Tax Code
magento-cheked-shirt,Magento Cheked Shirt,"<p>Lorem Ipsum is simply dummy text of the printing and typesetting industry. Lorem Ipsum has been the industry's standard dummy text ever since the 1500s, when an unknown printer took a galley of type and scrambled it to make a type specimen book. It has survived not only five centuries, but also the leap into electronic typesetting, remaining essentially unchanged.</p>",Nike,Shirt,"brown, green, ml, orange, red, white, xl, yellow",true,Size,xl,Color,brown,,,"",0,,-2,deny,manual,80.00,90.00,true,true,"",https://cdn.shopify.com/s/files/1/1331/5331/products/3_209c0b63-3b45-46c2-908d-0fb910d17a4b.png?v=1471499346,,false,,,,,,,,,,,,,,,,https://cdn.shopify.com/s/files/1/1331/5331/products/3_209c0b63-3b45-46c2-908d-0fb910d17a4b.png?v=1471499346,kg,
magento-cheked-shirt,,,,,,,,xl,,white,,,"",0,,1,deny,manual,80.00,90.00,true,true,"",https://cdn.shopify.com/s/files/1/1331/5331/products/6_8a452901-f220-4b36-85d1-fdf8dea96d66.png?v=1471499347,,,,,,,,,,,,,,,,,,https://cdn.shopify.com/s/files/1/1331/5331/products/6_8a452901-f220-4b36-85d1-fdf8dea96d66.png?v=1471499347,kg,
magento-cheked-shirt,,,,,,,,xl,,green,,,"",0,,1,deny,manual,80.00,90.00,true,true,"",https://cdn.shopify.com/s/files/1/1331/5331/products/5_9ad7ebad-d85e-4ba3-953c-4be36e231faf.png?v=1471499347,,,,,,,,,,,,,,,,,,https://cdn.shopify.com/s/files/1/1331/5331/products/5_9ad7ebad-d85e-4ba3-953c-4be36e231faf.png?v=1471499347,kg,
magento-cheked-shirt,,,,,,,,xl,,orange,,,"",0,,1,deny,manual,80.00,90.00,true,true,"",https://cdn.shopify.com/s/files/1/1331/5331/products/4_43dc9521-115d-4a04-9817-3f9b0e45cc12.png?v=1471499347,,,,,,,,,,,,,,,,,,https://cdn.shopify.com/s/files/1/1331/5331/products/3_209c0b63-3b45-46c2-908d-0fb910d17a4b.png?v=1471499346,kg,
magento-cheked-shirt,,,,,,,,ml,,brown,,,"",0,,1,deny,manual,80.00,90.00,true,true,"",,,,,,,,,,,,,,,,,,,https://cdn.shopify.com/s/files/1/1331/5331/products/6_8a452901-f220-4b36-85d1-fdf8dea96d66.png?v=1471499347,kg,
magento-cheked-shirt,,,,,,,,ml,,white,,,"",0,,1,deny,manual,80.00,90.00,true,true,"",,,,,,,,,,,,,,,,,,,https://cdn.shopify.com/s/files/1/1331/5331/products/5_9ad7ebad-d85e-4ba3-953c-4be36e231faf.png?v=1471499347,kg,
magento-cheked-shirt,,,,,,,,ml,,green,,,"",0,,1,deny,manual,80.00,90.00,true,true,"",,,,,,,,,,,,,,,,,,,https://cdn.shopify.com/s/files/1/1331/5331/products/4_43dc9521-115d-4a04-9817-3f9b0e45cc12.png?v=1471499347,kg,
magento-cheked-shirt,,,,,,,,ml,,yellow,,,"",0,,1,deny,manual,80.00,90.00,true,true,"",,,,,,,,,,,,,,,,,,,https://cdn.shopify.com/s/files/1/1331/5331/products/3_209c0b63-3b45-46c2-908d-0fb910d17a4b.png?v=1471499346,kg,
magento-cheked-shirt,,,,,,,,ml,,orange,,,"",0,,1,deny,manual,80.00,90.00,true,true,"",,,,,,,,,,,,,,,,,,,https://cdn.shopify.com/s/files/1/1331/5331/products/6_8a452901-f220-4b36-85d1-fdf8dea96d66.png?v=1471499347,kg,
pure-check-shirt,Pure Check Shirt,"<p>Lorem Ipsum is simply dummy text of the printing and typesetting industry. Lorem Ipsum has been the industry's standard dummy text ever since the 1500s, when an unknown printer took a galley of type and scrambled it to make a type specimen book. It has survived not only five centuries, but also the leap into electronic typesetting, remaining essentially unchanged.</p>",Jeans,Shirt,"xl, xs",true,Size,xl,,,,,"",0,shopify,2,deny,manual,120.00,120.00,true,true,"",https://cdn.shopify.com/s/files/1/1331/5331/products/4_39422cda-ef9a-4785-849e-dabc4de4d96e.png?v=1471499177,,false,,,,,,,,,,,,,,,,https://cdn.shopify.com/s/files/1/1331/5331/products/4_39422cda-ef9a-4785-849e-dabc4de4d96e.png?v=1471499177,kg,
pure-check-shirt,,,,,,,,xs,,,,,"",0,shopify,5,deny,manual,110.00,120.00,true,true,"",https://cdn.shopify.com/s/files/1/1331/5331/products/2_784c7991-7dee-4e5d-a4ba-bd204fa4e336.png?v=1471499177,,,,,,,,,,,,,,,,,,https://cdn.shopify.com/s/files/1/1331/5331/products/2_784c7991-7dee-4e5d-a4ba-bd204fa4e336.png?v=1471499177,kg,
pure-check-shirt,,,,,,,,,,,,,,,,,,,,,,,,https://cdn.shopify.com/s/files/1/1331/5331/products/1_69a78ba5-32bf-49c2-9d6c-fac78f0de731.png?v=1471499177,,,,,,,,,,,,,,,,,,,,
blue-jeans-shirt,Blue Jeans Shirt,"<p>Lorem Ipsum is simply dummy text of the printing and typesetting industry. Lorem Ipsum has been the industry's standard dummy text ever since the 1500s, when an unknown printer took a galley of type and scrambled it to make a type specimen book. It has survived not only five centuries, but also the leap into electronic typesetting, remaining essentially unchanged.</p>",Jeans,Shirt,"blue, jeans",true,Color,blue,Material,jeans,,,"",0,,1,deny,manual,150.00,,true,true,"",https://cdn.shopify.com/s/files/1/1331/5331/products/7_52655bec-1f1d-4a13-a7f0-f127531f5129.png?v=1471499070,,false,,,,,,,,,,,,,,,,https://cdn.shopify.com/s/files/1/1331/5331/products/7_52655bec-1f1d-4a13-a7f0-f127531f5129.png?v=1471499070,kg,
off-white-shirt,Off-White Shirt,"<p>Lorem Ipsum is simply dummy text of the printing and typesetting industry. Lorem Ipsum has been the industry's standard dummy text ever since the 1500s, when an unknown printer took a galley of type and scrambled it to make a type specimen book. It has survived not only five centuries, but also the leap into electronic typesetting, remaining essentially unchanged.</p>",Nike,Shirt,"ml, xl",true,Size,xl,,,,,"",0,,-5,deny,manual,122.00,130.00,true,true,"",https://cdn.shopify.com/s/files/1/1331/5331/products/8.png?v=1471498639,,false,,,,,,,,,,,,,,,,https://cdn.shopify.com/s/files/1/1331/5331/products/8.png?v=1471498639,kg,
off-white-shirt,,,,,,,,ml,,,,,"",0,,1,deny,manual,115.00,130.00,true,true,"",https://cdn.shopify.com/s/files/1/1331/5331/products/7.png?v=1471498754,,,,,,,,,,,,,,,,,,https://cdn.shopify.com/s/files/1/1331/5331/products/7.png?v=1471498754,kg,
pure-grameencheck-shirt,Pure Grameencheck Shirt,"<p>Lorem Ipsum is simply dummy text of the printing and typesetting industry. Lorem Ipsum has been the industry's standard dummy text ever since the 1500s, when an unknown printer took a galley of type and scrambled it to make a type specimen book. It has survived not only five centuries, but also the leap into electronic typesetting, remaining essentially unchanged.</p>",Crazy Fashion,Shirt,"Chambray, Denim, Dobby, ml, Twill, xl, xs",true,Material,Twill,Size,xl,,,"",0,shopify,7,deny,manual,140.00,,true,true,"",https://cdn.shopify.com/s/files/1/1331/5331/products/6_7e1e3863-96c3-43ee-b5d6-b1f2fe0057b2.png?v=1469096817,,false,,,,,,,,,,,,,,,,https://cdn.shopify.com/s/files/1/1331/5331/products/6_7e1e3863-96c3-43ee-b5d6-b1f2fe0057b2.png?v=1469096817,kg,
pure-grameencheck-shirt,,,,,,,,Twill,,ml,,,"",0,,1,deny,manual,140.00,,true,true,"",https://cdn.shopify.com/s/files/1/1331/5331/products/1_b564bd2c-6269-4fd9-8157-f38fff9f8ab1.png?v=1469096970,,,,,,,,,,,,,,,,,,https://cdn.shopify.com/s/files/1/1331/5331/products/2_2ebf1030-3e9d-4369-8bad-a21f190e9782.png?v=1469096973,kg,
pure-grameencheck-shirt,,,,,,,,Twill,,xs,,,"",0,,1,deny,manual,140.00,,true,true,"",https://cdn.shopify.com/s/files/1/1331/5331/products/2_2ebf1030-3e9d-4369-8bad-a21f190e9782.png?v=1469096973,,,,,,,,,,,,,,,,,,https://cdn.shopify.com/s/files/1/1331/5331/products/4_44ce91f9-03c1-4ad5-a20d-c28addf24d06.png?v=1469096984,kg,
pure-grameencheck-shirt,,,,,,,,Chambray,,xl,,,"",0,,1,deny,manual,130.00,,true,true,"",https://cdn.shopify.com/s/files/1/1331/5331/products/4_44ce91f9-03c1-4ad5-a20d-c28addf24d06.png?v=1469096984,,,,,,,,,,,,,,,,,,https://cdn.shopify.com/s/files/1/1331/5331/products/5_b06ede4b-9e1c-4e44-beba-8b6fdc442ebe.png?v=1469096989,kg,
pure-grameencheck-shirt,,,,,,,,Chambray,,ml,,,"",0,,1,deny,manual,130.00,,true,true,"",https://cdn.shopify.com/s/files/1/1331/5331/products/5_b06ede4b-9e1c-4e44-beba-8b6fdc442ebe.png?v=1469096989,,,,,,,,,,,,,,,,,,https://cdn.shopify.com/s/files/1/1331/5331/products/3_cbade693-7e72-4967-9965-dba111db605b.png?v=1469096996,kg,
pure-grameencheck-shirt,,,,,,,,Chambray,,xs,,,"",0,,1,deny,manual,130.00,,true,true,"",https://cdn.shopify.com/s/files/1/1331/5331/products/3_cbade693-7e72-4967-9965-dba111db605b.png?v=1469096996,,,,,,,,,,,,,,,,,,https://cdn.shopify.com/s/files/1/1331/5331/products/6_7e1e3863-96c3-43ee-b5d6-b1f2fe0057b2.png?v=1469096817,kg,
pure-grameencheck-shirt,,,,,,,,Denim,,xl,,,"",0,,1,deny,manual,120.00,,true,true,"",,,,,,,,,,,,,,,,,,,https://cdn.shopify.com/s/files/1/1331/5331/products/2_2ebf1030-3e9d-4369-8bad-a21f190e9782.png?v=1469096973,kg,
pure-grameencheck-shirt,,,,,,,,Denim,,ml,,,"",0,,1,deny,manual,120.00,,true,true,"",,,,,,,,,,,,,,,,,,,https://cdn.shopify.com/s/files/1/1331/5331/products/4_44ce91f9-03c1-4ad5-a20d-c28addf24d06.png?v=1469096984,kg,
pure-grameencheck-shirt,,,,,,,,Denim,,xs,,,"",0,,1,deny,manual,120.00,,true,true,"",,,,,,,,,,,,,,,,,,,https://cdn.shopify.com/s/files/1/1331/5331/products/5_b06ede4b-9e1c-4e44-beba-8b6fdc442ebe.png?v=1469096989,kg,
pure-grameencheck-shirt,,,,,,,,Dobby,,xl,,,"",0,,1,deny,manual,150.00,,true,true,"",,,,,,,,,,,,,,,,,,,https://cdn.shopify.com/s/files/1/1331/5331/products/3_cbade693-7e72-4967-9965-dba111db605b.png?v=1469096996,kg,
pure-grameencheck-shirt,,,,,,,,Dobby,,ml,,,"",0,,1,deny,manual,150.00,,true,true,"",,,,,,,,,,,,,,,,,,,https://cdn.shopify.com/s/files/1/1331/5331/products/6_7e1e3863-96c3-43ee-b5d6-b1f2fe0057b2.png?v=1469096817,kg,
pure-grameencheck-shirt,,,,,,,,Dobby,,xs,,,"",0,,1,deny,manual,150.00,,true,true,"",,,,,,,,,,,,,,,,,,,https://cdn.shopify.com/s/files/1/1331/5331/products/1_b564bd2c-6269-4fd9-8157-f38fff9f8ab1.png?v=1469096970,kg,
grameen-check-shirt,Grameen Check Shirt,"<p>Lorem Ipsum is simply dummy text of the printing and typesetting industry. Lorem Ipsum has been the industry's standard dummy text ever since the 1500s, when an unknown printer took a galley of type and scrambled it to make a type specimen book. It has survived not only five centuries, but also the leap into electronic typesetting, remaining essentially unchanged.</p>",Crazy Fashion,Shirt,"blue, green, red, white",true,Color,blue,,,,,"",0,,1,deny,manual,99.00,,true,true,"",https://cdn.shopify.com/s/files/1/1331/5331/products/5_bbd31632-ead6-48b3-8539-7a8080fb8694.png?v=1469096062,,false,,,,,,,,,,,,,,,,https://cdn.shopify.com/s/files/1/1331/5331/products/5_bbd31632-ead6-48b3-8539-7a8080fb8694.png?v=1469096062,kg,
grameen-check-shirt,,,,,,,,red,,,,,"",0,,1,deny,manual,95.00,,true,true,"",https://cdn.shopify.com/s/files/1/1331/5331/products/6_c4356b48-00a7-41db-bb8b-8ec8b828ad17.png?v=1469096067,,,,,,,,,,,,,,,,,,https://cdn.shopify.com/s/files/1/1331/5331/products/1_7b868dc4-0a43-4ee7-af00-c7c74ff79062.png?v=1469096078,kg,
grameen-check-shirt,,,,,,,,green,,,,,"",0,,1,deny,manual,92.00,,true,true,"",https://cdn.shopify.com/s/files/1/1331/5331/products/2_698f28d3-3998-4e57-acf4-16415e1ea907.png?v=1469096073,,,,,,,,,,,,,,,,,,https://cdn.shopify.com/s/files/1/1331/5331/products/2_698f28d3-3998-4e57-acf4-16415e1ea907.png?v=1469096073,kg,
grameen-check-shirt,,,,,,,,white,,,,,"",0,,1,deny,manual,90.00,,true,true,"",https://cdn.shopify.com/s/files/1/1331/5331/products/1_7b868dc4-0a43-4ee7-af00-c7c74ff79062.png?v=1469096078,,,,,,,,,,,,,,,,,,https://cdn.shopify.com/s/files/1/1331/5331/products/6_c4356b48-00a7-41db-bb8b-8ec8b828ad17.png?v=1469096067,kg,
tan-check-shirt,Tan Check Shirt,"<p>Lorem Ipsum is simply dummy text of the printing and typesetting industry. Lorem Ipsum has been the industry's standard dummy text ever since the 1500s, when an unknown printer took a galley of type and scrambled it to make a type specimen book. It has survived not only five centuries, but also the leap into electronic typesetting, remaining essentially unchanged.</p>",Crazy Fashion,Shirt,"ml, xl, xs",true,Size,xl,,,,,"",0,shopify,2,deny,manual,110.00,120.00,true,true,"",https://cdn.shopify.com/s/files/1/1331/5331/products/4_93a596de-8442-4e55-a63f-adf96dd4df50.png?v=1469094388,,false,,,,,,,,,,,,,,,,https://cdn.shopify.com/s/files/1/1331/5331/products/4_93a596de-8442-4e55-a63f-adf96dd4df50.png?v=1469094388,kg,
tan-check-shirt,,,,,,,,ml,,,,,"",0,shopify,0,deny,manual,105.00,120.00,true,true,"",https://cdn.shopify.com/s/files/1/1331/5331/products/1_28f9b1de-6920-4628-98c8-1c068e62bdb1.png?v=1469094425,,,,,,,,,,,,,,,,,,https://cdn.shopify.com/s/files/1/1331/5331/products/1_28f9b1de-6920-4628-98c8-1c068e62bdb1.png?v=1469094425,kg,
tan-check-shirt,,,,,,,,xs,,,,,"",0,shopify,5,deny,manual,100.00,120.00,true,true,"",https://cdn.shopify.com/s/files/1/1331/5331/products/2_609dbe98-5940-4977-9e41-87b52107aa8f.png?v=1469094436,,,,,,,,,,,,,,,,,,https://cdn.shopify.com/s/files/1/1331/5331/products/2_609dbe98-5940-4977-9e41-87b52107aa8f.png?v=1469094436,kg,
brown-cheked-shirt,Brown Cheked Shirt,"<p>Lorem Ipsum is simply dummy text of the printing and typesetting industry. Lorem Ipsum has been the industry's standard dummy text ever since the 1500s, when an unknown printer took a galley of type and scrambled it to make a type specimen book. It has survived not only five centuries, but also the leap into electronic typesetting, remaining essentially unchanged.</p>",Nike,Shirt,"brown, green, ml, orange, red, white, xl, xs, yellow",true,Size,xl,Color,brown,,,"",0,,1,deny,manual,80.00,90.00,true,true,"",https://cdn.shopify.com/s/files/1/1331/5331/products/3_b6a0593a-b7e5-4a25-8937-cb76c2b9339f.png?v=1469092726,,false,,,,,,,,,,,,,,,,https://cdn.shopify.com/s/files/1/1331/5331/products/3_b6a0593a-b7e5-4a25-8937-cb76c2b9339f.png?v=1469092726,kg,
brown-cheked-shirt,,,,,,,,xl,,white,,,"",0,,1,deny,manual,80.00,90.00,true,true,"",https://cdn.shopify.com/s/files/1/1331/5331/products/6_6594f8ea-eda5-46ce-ace2-382ee4da4c20.png?v=1469092733,,,,,,,,,,,,,,,,,,https://cdn.shopify.com/s/files/1/1331/5331/products/6_6594f8ea-eda5-46ce-ace2-382ee4da4c20.png?v=1469092733,kg,
brown-cheked-shirt,,,,,,,,xl,,green,,,"",0,,1,deny,manual,80.00,90.00,true,true,"",https://cdn.shopify.com/s/files/1/1331/5331/products/5_32a43a70-99ee-4126-a322-6a3232ac198b.png?v=1469092741,,,,,,,,,,,,,,,,,,https://cdn.shopify.com/s/files/1/1331/5331/products/5_32a43a70-99ee-4126-a322-6a3232ac198b.png?v=1469092741,kg,
brown-cheked-shirt,,,,,,,,xl,,yellow,,,"",0,,1,deny,manual,80.00,90.00,true,true,"",https://cdn.shopify.com/s/files/1/1331/5331/products/4_0855c8d3-41db-42c8-af6e-c326fead1392.png?v=1469092747,,,,,,,,,,,,,,,,,,https://cdn.shopify.com/s/files/1/1331/5331/products/4_0855c8d3-41db-42c8-af6e-c326fead1392.png?v=1469092747,kg,
brown-cheked-shirt,,,,,,,,xl,,orange,,,"",0,,1,deny,manual,80.00,90.00,true,true,"",,,,,,,,,,,,,,,,,,,https://cdn.shopify.com/s/files/1/1331/5331/products/3_b6a0593a-b7e5-4a25-8937-cb76c2b9339f.png?v=1469092726,kg,
brown-cheked-shirt,,,,,,,,ml,,brown,,,"",0,,1,deny,manual,80.00,90.00,true,true,"",,,,,,,,,,,,,,,,,,,https://cdn.shopify.com/s/files/1/1331/5331/products/6_6594f8ea-eda5-46ce-ace2-382ee4da4c20.png?v=1469092733,kg,
brown-cheked-shirt,,,,,,,,ml,,white,,,"",0,,1,deny,manual,80.00,90.00,true,true,"",,,,,,,,,,,,,,,,,,,https://cdn.shopify.com/s/files/1/1331/5331/products/5_32a43a70-99ee-4126-a322-6a3232ac198b.png?v=1469092741,kg,
brown-cheked-shirt,,,,,,,,ml,,green,,,"",0,,1,deny,manual,80.00,90.00,true,true,"",,,,,,,,,,,,,,,,,,,https://cdn.shopify.com/s/files/1/1331/5331/products/4_0855c8d3-41db-42c8-af6e-c326fead1392.png?v=1469092747,kg,
brown-cheked-shirt,,,,,,,,ml,,yellow,,,"",0,,1,deny,manual,80.00,90.00,true,true,"",,,,,,,,,,,,,,,,,,,https://cdn.shopify.com/s/files/1/1331/5331/products/3_b6a0593a-b7e5-4a25-8937-cb76c2b9339f.png?v=1469092726,kg,
brown-cheked-shirt,,,,,,,,ml,,orange,,,"",0,,1,deny,manual,80.00,90.00,true,true,"",,,,,,,,,,,,,,,,,,,https://cdn.shopify.com/s/files/1/1331/5331/products/6_6594f8ea-eda5-46ce-ace2-382ee4da4c20.png?v=1469092733,kg,
brown-cheked-shirt,,,,,,,,xs,,brown,,,"",0,,1,deny,manual,80.00,90.00,true,true,"",,,,,,,,,,,,,,,,,,,https://cdn.shopify.com/s/files/1/1331/5331/products/5_32a43a70-99ee-4126-a322-6a3232ac198b.png?v=1469092741,kg,
brown-cheked-shirt,,,,,,,,xs,,white,,,"",0,,1,deny,manual,80.00,90.00,true,true,"",,,,,,,,,,,,,,,,,,,https://cdn.shopify.com/s/files/1/1331/5331/products/4_0855c8d3-41db-42c8-af6e-c326fead1392.png?v=1469092747,kg,
brown-cheked-shirt,,,,,,,,xs,,green,,,"",0,,1,deny,manual,80.00,90.00,true,true,"",,,,,,,,,,,,,,,,,,,https://cdn.shopify.com/s/files/1/1331/5331/products/3_b6a0593a-b7e5-4a25-8937-cb76c2b9339f.png?v=1469092726,kg,
brown-cheked-shirt,,,,,,,,xs,,yellow,,,"",0,,1,deny,manual,80.00,90.00,true,true,"",,,,,,,,,,,,,,,,,,,https://cdn.shopify.com/s/files/1/1331/5331/products/6_6594f8ea-eda5-46ce-ace2-382ee4da4c20.png?v=1469092733,kg,
brown-cheked-shirt,,,,,,,,xs,,orange,,,"",0,,1,deny,manual,80.00,90.00,true,true,"",,,,,,,,,,,,,,,,,,,https://cdn.shopify.com/s/files/1/1331/5331/products/5_32a43a70-99ee-4126-a322-6a3232ac198b.png?v=1469092741,kg,
red-check-shirt,Red Check Shirt,"<p>Lorem Ipsum is simply dummy text of the printing and typesetting industry. Lorem Ipsum has been the industry's standard dummy text ever since the 1500s, when an unknown printer took a galley of type and scrambled it to make a type specimen book. It has survived not only five centuries, but also the leap into electronic typesetting, remaining essentially unchanged.</p>",Crazy Fashion,Shirt,"green, ml, red, violet, white, xl, xs",true,Size,xs,Color,red,,,"",0,,1,deny,manual,65.00,70.00,true,true,"",https://cdn.shopify.com/s/files/1/1331/5331/products/1.png?v=1469081839,,false,,,,,,,,,,,,,,,,https://cdn.shopify.com/s/files/1/1331/5331/products/1.png?v=1469081839,kg,
red-check-shirt,,,,,,,,xs,,violet,,,"",0,,1,deny,manual,65.00,70.00,true,true,"",https://cdn.shopify.com/s/files/1/1331/5331/products/2_9616eb38-1dcc-496b-b641-b678d977366e.png?v=1469088089,,,,,,,,,,,,,,,,,,https://cdn.shopify.com/s/files/1/1331/5331/products/3.png?v=1469088101,kg,
red-check-shirt,,,,,,,,xs,,white,,,"",0,,1,deny,manual,65.00,70.00,true,true,"",https://cdn.shopify.com/s/files/1/1331/5331/products/3.png?v=1469088101,,,,,,,,,,,,,,,,,,https://cdn.shopify.com/s/files/1/1331/5331/products/5.png?v=1469088128,kg,
red-check-shirt,,,,,,,,xs,,green,,,"",0,,1,deny,manual,65.00,70.00,true,true,"",https://cdn.shopify.com/s/files/1/1331/5331/products/4.png?v=1469088116,,,,,,,,,,,,,,,,,,https://cdn.shopify.com/s/files/1/1331/5331/products/6.png?v=1469088138,kg,
red-check-shirt,,,,,,,,ml,,red,,,"",0,,1,deny,manual,67.00,70.00,true,true,"",https://cdn.shopify.com/s/files/1/1331/5331/products/5.png?v=1469088128,,,,,,,,,,,,,,,,,,https://cdn.shopify.com/s/files/1/1331/5331/products/1.png?v=1469081839,kg,
red-check-shirt,,,,,,,,ml,,violet,,,"",0,,1,deny,manual,67.00,70.00,true,true,"",https://cdn.shopify.com/s/files/1/1331/5331/products/6.png?v=1469088138,,,,,,,,,,,,,,,,,,https://cdn.shopify.com/s/files/1/1331/5331/products/3.png?v=1469088101,kg,
red-check-shirt,,,,,,,,ml,,white,,,"",0,,1,deny,manual,67.00,70.00,true,true,"",,,,,,,,,,,,,,,,,,,https://cdn.shopify.com/s/files/1/1331/5331/products/5.png?v=1469088128,kg,
red-check-shirt,,,,,,,,ml,,green,,,"",0,,1,deny,manual,67.00,70.00,true,true,"",,,,,,,,,,,,,,,,,,,https://cdn.shopify.com/s/files/1/1331/5331/products/6.png?v=1469088138,kg,
red-check-shirt,,,,,,,,xl,,red,,,"",0,,1,deny,manual,68.00,70.00,true,true,"",,,,,,,,,,,,,,,,,,,https://cdn.shopify.com/s/files/1/1331/5331/products/1.png?v=1469081839,kg,
red-check-shirt,,,,,,,,xl,,violet,,,"",0,,1,deny,manual,68.00,70.00,true,true,"",,,,,,,,,,,,,,,,,,,https://cdn.shopify.com/s/files/1/1331/5331/products/2_9616eb38-1dcc-496b-b641-b678d977366e.png?v=1469088089,kg,
red-check-shirt,,,,,,,,xl,,white,,,"",0,,1,deny,manual,68.00,70.00,true,true,"",,,,,,,,,,,,,,,,,,,https://cdn.shopify.com/s/files/1/1331/5331/products/5.png?v=1469088128,kg,
red-check-shirt,,,,,,,,xl,,green,,,"",0,,1,deny,manual,68.00,70.00,true,true,"",,,,,,,,,,,,,,,,,,,https://cdn.shopify.com/s/files/1/1331/5331/products/6.png?v=1469088138,kg,
black-jeans-shirt,Black Jeans Shirt,"<p>Lorem Ipsum is simply dummy text of the printing and typesetting industry. Lorem Ipsum has been the industry's standard dummy text ever since the 1500s, when an unknown printer took a galley of type and scrambled it to make a type specimen book. It has survived not only five centuries, but also the leap into electronic typesetting, remaining essentially unchanged.</p>",Jeans,Shirt,"ml, xl, xs",true,Size,xl,,,,,"",0,,1,deny,manual,52.00,,true,true,"",https://cdn.shopify.com/s/files/1/1331/5331/products/2.png?v=1469081459,,false,Black Jeans Shirt,,,,,,,,,,,,,,,https://cdn.shopify.com/s/files/1/1331/5331/products/2.png?v=1469081459,kg,
black-jeans-shirt,,,,,,,,ml,,,,,"",0,,1,deny,manual,50.00,,true,true,"",https://cdn.shopify.com/s/files/1/1331/5331/products/1_54caa426-d3a4-4846-b016-92fc4acbf31c.png?v=1469091746,,,,,,,,,,,,,,,,,,https://cdn.shopify.com/s/files/1/1331/5331/products/1_54caa426-d3a4-4846-b016-92fc4acbf31c.png?v=1469091746,kg,
black-jeans-shirt,,,,,,,,xs,,,,,"",0,,1,deny,manual,48.00,,true,true,"",https://cdn.shopify.com/s/files/1/1331/5331/products/3_7581cbe0-162f-4281-9a2a-fe5695a07919.png?v=1469091759,,,,,,,,,,,,,,,,,,https://cdn.shopify.com/s/files/1/1331/5331/products/3_7581cbe0-162f-4281-9a2a-fe5695a07919.png?v=1469091759,kg,
